﻿{"ASHOKLEYLAND_ALCG":{"RED50MM":"2","WHITE50MM":"2","YELLOW50MM":"16","CLASS3":"1","CLASS4":"0","RED20MM":"0","WHITE20MM":"0","RED80MM":"0","WHITE80MM":"0","YELLOW20MM":"0","YELLOW80MM":"0","HOLOGRAM":"0"},"ASHOKLEYLAND_ALPSV":{"RED50MM":"2.5","WHITE50MM":"2.5","YELLOW50MM":"20","CLASS3":"0","CLASS4":"0","RED20MM":"0","WHITE20MM":"0","RED80MM":"0","WHITE80MM":"0","YELLOW20MM":"0","YELLOW80MM":"0","HOLOGRAM":"0"},"ASHOKLEYLAND_ALU2518":{"RED50MM":"2","WHITE50MM":"2","YELLOW50MM":"20","CLASS3":"1","CLASS4":"0","RED20MM":"0","WHITE20MM":"0","RED80MM":"0","WHITE80MM":"0","YELLOW20MM":"0","YELLOW80MM":"0","HOLOGRAM":"0"},"ASHOKLEYLAND_AL4018":{"RED50MM":"2.5","WHITE50MM":"2.5","YELLOW50MM":"25","CLASS3":"1","CLASS4":"0","RED20MM":"0","WHITE20MM":"0","RED80MM":"0","WHITE80MM":"0","YELLOW20MM":"0","YELLOW80MM":"0","HOLOGRAM":"0"},"ASHOKLEYLAND_AL2516":{"RED50MM":"2","WHITE50MM":"2","YELLOW50MM":"18","CLASS3":"1","CLASS4":"0","RED20MM":"0","WHITE20MM":"0","RED80MM":"0","WHITE80MM":"0","YELLOW20MM":"0","YELLOW80MM":"0","HOLOGRAM":"0"},"ASHOKLEYLAND_AL1612":{"RED50MM":"2","WHITE50MM":"2","YELLOW50MM":"16","CLASS3":"1","CLASS4":"0","RED20MM":"0","WHITE20MM":"0","RED80MM":"0","WHITE80MM":"0","YELLOW20MM":"0","YELLOW80MM":"0","HOLOGRAM":"0"},"ASHOKLEYLAND_AL1613":{"RED50MM":"2","WHITE50MM":"2","YELLOW50MM":"16","CLASS3":"1","CLASS4":"0","RED20MM":"0","WHITE20MM":"0","RED80MM":"0","WHITE80MM":"0","YELLOW20MM":"0","YELLOW80MM":"0","HOLOGRAM":"0"},"ASHOKLEYLAND_AL1616":{"RED50MM":"2","WHITE50MM":"2","YELLOW50MM":"16","CLASS3":"1","CLASS4":"0","RED20MM":"0","WHITE20MM":"0","RED80MM":"0","WHITE80MM":"0","YELLOW20MM":"0","YELLOW80MM":"0","HOLOGRAM":"0"},"ASHOKLEYLAND_ALPSV4/185":{"RED50MM":"2.5","WHITE50MM":"2.5","YELLOW50MM":"20","CLASS3":"0","CLASS4":"0","RED20MM":"0","WHITE20MM":"0","RED80MM":"0","WHITE80MM":"0","YELLOW20MM":"0","YELLOW80MM":"0","HOLOGRAM":"0"},"ASHOKLEYLAND_ECOMET1212":{"RED50MM":"2","WHITE50MM":"2","YELLOW50MM":"16","CLASS3":"1","CLASS4":"0","RED20MM":"0","WHITE20MM":"0","RED80MM":"0","WHITE80MM":"0","YELLOW20MM":"0","YELLOW80MM":"0","HOLOGRAM":"0"},"ASHOKLEYLAND_AL2513":{"RED50MM":"2","WHITE50MM":"2","YELLOW50MM":"18","CLASS3":"1","CLASS4":"0","RED20MM":"0","WHITE20MM":"0","RED80MM":"0","WHITE80MM":"0","YELLOW20MM":"0","YELLOW80MM":"0","HOLOGRAM":"0"},"ASHOKLEYLAND_ALTAURUS2516":{"RED50MM":"2","WHITE50MM":"2","YELLOW50MM":"20","CLASS3":"1","CLASS4":"0","RED20MM":"0","WHITE20MM":"0","RED80MM":"0","WHITE80MM":"0","YELLOW20MM":"0","YELLOW80MM":"0","HOLOGRAM":"0"},"ASHOKLEYLAND_ALPSV4/38":{"RED50MM":"2.5","WHITE50MM":"2.5","YELLOW50MM":"20","CLASS3":"0","CLASS4":"0","RED20MM":"0","WHITE20MM":"0","RED80MM":"0","WHITE80MM":"0","YELLOW20MM":"0","YELLOW80MM":"0","HOLOGRAM":"0"},"ASHOKLEYLAND_COMET1611":{"RED50MM":"2","WHITE50MM":"2","YELLOW50MM":"18","CLASS3":"1","CLASS4":"0","RED20MM":"0","WHITE20MM":"0","RED80MM":"0","WHITE80MM":"0","YELLOW20MM":"0","YELLOW80MM":"0","HOLOGRAM":"0"},"ASHOKLEYLAND_DOST":{"RED50MM":"0","WHITE50MM":"0","YELLOW50MM":"8","CLASS3":"0","CLASS4":"0","RED20MM":"2","WHITE20MM":"2","RED80MM":"0","WHITE80MM":"0","YELLOW20MM":"0","YELLOW80MM":"0","HOLOGRAM":"0"},"ASHOKLEYLAND_ALPSV4/161":{"RED50MM":"2.5","WHITE50MM":"2.5","YELLOW50MM":"20","CLASS3":"0","CLASS4":"0","RED20MM":"0","WHITE20MM":"0","RED80MM":"0","WHITE80MM":"0","YELLOW20MM":"0","YELLOW80MM":"0","HOLOGRAM":"0"},"ASHOKLEYLAND_ALFSV3/46LYNX":{"RED50MM":"2","WHITE50MM":"2","YELLOW50MM":"20","CLASS3":"0","CLASS4":"0","RED20MM":"0","WHITE20MM":"0","RED80MM":"0","WHITE80MM":"0","YELLOW20MM":"0","YELLOW80MM":"0","HOLOGRAM":"0"},"ASHOKLEYLAND_ALPARTNER":{"RED50MM":"1.75","WHITE50MM":"1.75","YELLOW50MM":"16","CLASS3":"1","CLASS4":"0","RED20MM":"0","WHITE20MM":"0","RED80MM":"0","WHITE80MM":"0","YELLOW20MM":"0","YELLOW80MM":"0","HOLOGRAM":"0"},"ASHOKLEYLAND_ALLYNX":{"RED50MM":"2","WHITE50MM":"2","YELLOW50MM":"16","CLASS3":"0","CLASS4":"0","RED20MM":"0","WHITE20MM":"0","RED80MM":"0","WHITE80MM":"0","YELLOW20MM":"0","YELLOW80MM":"0","HOLOGRAM":"0"},"ASHOKLEYLAND_AL3116":{"RED50MM":"2","WHITE50MM":"2","YELLOW50MM":"20","CLASS3":"1","CLASS4":"0","RED20MM":"0","WHITE20MM":"0","RED80MM":"0","WHITE80MM":"0","YELLOW20MM":"0","YELLOW80MM":"0","HOLOGRAM":"0"},"ASHOKLEYLAND_ALECOMET1012":{"RED50MM":"2","WHITE50MM":"2","YELLOW50MM":"16","CLASS3":"1","CLASS4":"0","RED20MM":"0","WHITE20MM":"0","RED80MM":"0","WHITE80MM":"0","YELLOW20MM":"0","YELLOW80MM":"0","HOLOGRAM":"0"},"ASHOKLEYLAND_AL1212":{"RED50MM":"2","WHITE50MM":"2","YELLOW50MM":"16","CLASS3":"1","CLASS4":"0","RED20MM":"0","WHITE20MM":"0","RED80MM":"0","WHITE80MM":"0","YELLOW20MM":"0","YELLOW80MM":"0","HOLOGRAM":"0"},"ASHOKLEYLAND_ALPSV4/186":{"RED50MM":"2.5","WHITE50MM":"2.5","YELLOW50MM":"16","CLASS3":"0","CLASS4":"0","RED20MM":"0","WHITE20MM":"0","RED80MM":"0","WHITE80MM":"0","YELLOW20MM":"0","YELLOW80MM":"0","HOLOGRAM":"0"},"ASHOKLEYLAND_AL1214SMART":{"RED50MM":"2","WHITE50MM":"2","YELLOW50MM":"16","CLASS3":"1","CLASS4":"0","RED20MM":"0","WHITE20MM":"0","RED80MM":"0","WHITE80MM":"0","YELLOW20MM":"0","YELLOW80MM":"0","HOLOGRAM":"0"},"ASHOKLEYLAND_VIKINGALPSV4/247":{"RED50MM":"2.5","WHITE50MM":"2.5","YELLOW50MM":"20","CLASS3":"0","CLASS4":"0","RED20MM":"0","WHITE20MM":"0","RED80MM":"0","WHITE80MM":"0","YELLOW20MM":"0","YELLOW80MM":"0","HOLOGRAM":"0"},"ASHOKLEYLAND_ALPSV4/88":{"RED50MM":"2.5","WHITE50MM":"2.5","YELLOW50MM":"20","CLASS3":"0","CLASS4":"0","RED20MM":"0","WHITE20MM":"0","RED80MM":"0","WHITE80MM":"0","YELLOW20MM":"0","YELLOW80MM":"0","HOLOGRAM":"0"},"ASHOKLEYLAND_ALTUSKERSUPER2214":{"RED50MM":"2","WHITE50MM":"2","YELLOW50MM":"18","CLASS3":"1","CLASS4":"0","RED20MM":"0","WHITE20MM":"0","RED80MM":"0","WHITE80MM":"0","YELLOW20MM":"0","YELLOW80MM":"0","HOLOGRAM":"0"},"ASHOKLEYLAND_ALPSVVIKING4/83":{"RED50MM":"2.5","WHITE50MM":"2.5","YELLOW50MM":"20","CLASS3":"0","CLASS4":"0","RED20MM":"0","WHITE20MM":"0","RED80MM":"0","WHITE80MM":"0","YELLOW20MM":"0","YELLOW80MM":"0","HOLOGRAM":"0"},"ASHOKLEYLAND_AL1112":{"RED50MM":"2","WHITE50MM":"2","YELLOW50MM":"16","CLASS3":"1","CLASS4":"0","RED20MM":"0","WHITE20MM":"0","RED80MM":"0","WHITE80MM":"0","YELLOW20MM":"0","YELLOW80MM":"0","HOLOGRAM":"0"},"ASHOKLEYLAND_ALCT1613":{"RED50MM":"2","WHITE50MM":"2","YELLOW50MM":"16","CLASS3":"1","CLASS4":"0","RED20MM":"0","WHITE20MM":"0","RED80MM":"0","WHITE80MM":"0","YELLOW20MM":"0","YELLOW80MM":"0","HOLOGRAM":"0"},"ASHOKLEYLAND_ALECOMET912":{"RED50MM":"2","WHITE50MM":"2","YELLOW50MM":"16","CLASS3":"1","CLASS4":"0","RED20MM":"0","WHITE20MM":"0","RED80MM":"0","WHITE80MM":"0","YELLOW20MM":"0","YELLOW80MM":"0","HOLOGRAM":"0"},"ASHOKLEYLAND_AL3718":{"RED50MM":"2","WHITE50MM":"2","YELLOW50MM":"18","CLASS3":"1","CLASS4":"0","RED20MM":"0","WHITE20MM":"0","RED80MM":"0","WHITE80MM":"0","YELLOW20MM":"0","YELLOW80MM":"0","HOLOGRAM":"0"},"ASHOKLEYLAND_ALU2523":{"RED50MM":"2","WHITE50MM":"2","YELLOW50MM":"18","CLASS3":"1","CLASS4":"0","RED20MM":"0","WHITE20MM":"0","RED80MM":"0","WHITE80MM":"0","YELLOW20MM":"0","YELLOW80MM":"0","HOLOGRAM":"0"},"ASHOKLEYLAND_ALVIKINGBUS":{"RED50MM":"2.5","WHITE50MM":"2.5","YELLOW50MM":"20","CLASS3":"0","CLASS4":"0","RED20MM":"0","WHITE20MM":"0","RED80MM":"0","WHITE80MM":"0","YELLOW20MM":"0","YELLOW80MM":"0","HOLOGRAM":"0"},"ASHOKLEYLAND_AL1612":{"RED50MM":"2","WHITE50MM":"2","YELLOW50MM":"18","CLASS3":"1","CLASS4":"0","RED20MM":"0","WHITE20MM":"0","RED80MM":"0","WHITE80MM":"0","YELLOW20MM":"0","YELLOW80MM":"0","HOLOGRAM":"0"},"ASHOKLEYLAND_ALPSV4/185":{"RED50MM":"2","WHITE50MM":"2","YELLOW50MM":"20","CLASS3":"0","CLASS4":"0","RED20MM":"0","WHITE20MM":"0","RED80MM":"0","WHITE80MM":"0","YELLOW20MM":"0","YELLOW80MM":"0","HOLOGRAM":"0"},"ASHOKLEYLAND_3516TANKER":{"RED50MM":"5","WHITE50MM":"2.5","YELLOW50MM":"28","CLASS3":"0","CLASS4":"1","RED20MM":"0","WHITE20MM":"0","RED80MM":"0","WHITE80MM":"0","YELLOW20MM":"0","YELLOW80MM":"0","HOLOGRAM":"0"},"ASHOKLEYLAND_3516TAILER":{"RED50MM":"2.5","WHITE50MM":"2.5","YELLOW50MM":"28","CLASS3":"0","CLASS4":"1","RED20MM":"0","WHITE20MM":"0","RED80MM":"0","WHITE80MM":"0","YELLOW20MM":"0","YELLOW80MM":"0","HOLOGRAM":"0"},"ASHOKLEYLAND_3517TAILER":{"RED50MM":"2.5","WHITE50MM":"2.5","YELLOW50MM":"22","CLASS3":"0","CLASS4":"1","RED20MM":"0","WHITE20MM":"0","RED80MM":"0","WHITE80MM":"0","YELLOW20MM":"0","YELLOW80MM":"0","HOLOGRAM":"0"},"ASHOKLEYLAND_3518TANKER":{"RED50MM":"5","WHITE50MM":"2.5","YELLOW50MM":"21","CLASS3":"0","CLASS4":"1","RED20MM":"0","WHITE20MM":"0","RED80MM":"0","WHITE80MM":"0","YELLOW20MM":"0","YELLOW80MM":"0","HOLOGRAM":"0"},"ASHOKLEYLAND_AL2518":{"RED50MM":"2","WHITE50MM":"2","YELLOW50MM":"16","CLASS3":"1","CLASS4":"0","RED20MM":"0","WHITE20MM":"0","RED80MM":"0","WHITE80MM":"0","YELLOW20MM":"0","YELLOW80MM":"0","HOLOGRAM":"0"},"ASHOKLEYLAND_ALPSV4/89":{"RED50MM":"2.5","WHITE50MM":"2.5","YELLOW50MM":"20","CLASS3":"0","CLASS4":"0","RED20MM":"0","WHITE20MM":"0","RED80MM":"0","WHITE80MM":"0","YELLOW20MM":"0","YELLOW80MM":"0","HOLOGRAM":"0"},"ASHOKLEYLAND_1214CONTAINER":{"RED50MM":"2.5","WHITE50MM":"2.5","YELLOW50MM":"21","CLASS3":"1","CLASS4":"0","RED20MM":"0","WHITE20MM":"0","RED80MM":"0","WHITE80MM":"0","YELLOW20MM":"0","YELLOW80MM":"0","HOLOGRAM":"0"},"ASHOKLEYLAND_AL3118":{"RED50MM":"2.5","WHITE50MM":"2.5","YELLOW50MM":"18","CLASS3":"1","CLASS4":"0","RED20MM":"0","WHITE20MM":"0","RED80MM":"0","WHITE80MM":"0","YELLOW20MM":"0","YELLOW80MM":"0","HOLOGRAM":"0"},"ASHOKLEYLAND_1618CONTAINER":{"RED50MM":"2","WHITE50MM":"2","YELLOW50MM":"21","CLASS3":"1","CLASS4":"0","RED20MM":"0","WHITE20MM":"0","RED80MM":"0","WHITE80MM":"0","YELLOW20MM":"0","YELLOW80MM":"0","HOLOGRAM":"0"},"ASHOKLEYLAND_BOSS1212":{"RED50MM":"3","WHITE50MM":"3","YELLOW50MM":"21","CLASS3":"1","CLASS4":"0","RED20MM":"0","WHITE20MM":"0","RED80MM":"0","WHITE80MM":"0","YELLOW20MM":"0","YELLOW80MM":"0","HOLOGRAM":"0"},"ASHOKLEYLAND_ALBOSS1212LE":{"RED50MM":"2","WHITE50MM":"2","YELLOW50MM":"12","CLASS3":"1","CLASS4":"0","RED20MM":"0","WHITE20MM":"0","RED80MM":"0","WHITE80MM":"0","YELLOW20MM":"0","YELLOW80MM":"0","HOLOGRAM":"0"},"ASHOKLEYLAND_ALCTTIPPER1616XL":{"RED50MM":"2.5","WHITE50MM":"2.8","YELLOW50MM":"10.5","CLASS3":"1","CLASS4":"0","RED20MM":"0","WHITE20MM":"0","RED80MM":"0","WHITE80MM":"0","YELLOW20MM":"0","YELLOW80MM":"0","HOLOGRAM":"0"},"ASHOKLEYLAND_AL2516TIPPER":{"RED50MM":"2","WHITE50MM":"2","YELLOW50MM":"10","CLASS3":"1","CLASS4":"0","RED20MM":"0","WHITE20MM":"0","RED80MM":"0","WHITE80MM":"0","YELLOW20MM":"0","YELLOW80MM":"0","HOLOGRAM":"0"},"ASHOKLEYLAND_AL1613TIPPER":{"RED50MM":"2","WHITE50MM":"2","YELLOW50MM":"10","CLASS3":"1","CLASS4":"0","RED20MM":"0","WHITE20MM":"0","RED80MM":"0","WHITE80MM":"0","YELLOW20MM":"0","YELLOW80MM":"0","HOLOGRAM":"0"},"ASHOKLEYLAND_ALFV4923":{"RED50MM":"2","WHITE50MM":"2","YELLOW50MM":"20","CLASS3":"1","CLASS4":"0","RED20MM":"0","WHITE20MM":"0","RED80MM":"0","WHITE80MM":"0","YELLOW20MM":"0","YELLOW80MM":"0","HOLOGRAM":"0"},"ASHOKLEYLAND_ECOMET1109":{"RED50MM":"2","WHITE50MM":"2","YELLOW50MM":"16","CLASS3":"1","CLASS4":"0","RED20MM":"0","WHITE20MM":"0","RED80MM":"0","WHITE80MM":"0","YELLOW20MM":"0","YELLOW80MM":"0","HOLOGRAM":"0"},"ASHOKLEYLAND_ALPEV1/38":{"RED50MM":"2","WHITE50MM":"2","YELLOW50MM":"12","CLASS3":"0","CLASS4":"0","RED20MM":"0","WHITE20MM":"0","RED80MM":"0","WHITE80MM":"0","YELLOW20MM":"0","YELLOW80MM":"0","HOLOGRAM":"0"},"ASHOKLEYLAND_BOSS1115CONTAINER":{"RED50MM":"9","WHITE50MM":"2.25","YELLOW50MM":"16","CLASS3":"1","CLASS4":"0","RED20MM":"0","WHITE20MM":"0","RED80MM":"0","WHITE80MM":"0","YELLOW20MM":"0","YELLOW80MM":"0","HOLOGRAM":"0"},"TATAMOTORS_TATAMAGIC":{"RED50MM":"0","WHITE50MM":"0","YELLOW50MM":"6","CLASS3":"0","CLASS4":"0","RED20MM":"2","WHITE20MM":"2","RED80MM":"0","WHITE80MM":"0","YELLOW20MM":"0","YELLOW80MM":"0","HOLOGRAM":"0"},"TATAMOTORS_TATA1612":{"RED50MM":"2","WHITE50MM":"2","YELLOW50MM":"18","CLASS3":"1","CLASS4":"0","RED20MM":"0","WHITE20MM":"0","RED80MM":"0","WHITE80MM":"0","YELLOW20MM":"0","YELLOW80MM":"0","HOLOGRAM":"0"},"TATAMOTORS_TATAACE":{"RED50MM":"0","WHITE50MM":"0","YELLOW50MM":"6","CLASS3":"0","CLASS4":"0","RED20MM":"2","WHITE20MM":"2","RED80MM":"0","WHITE80MM":"0","YELLOW20MM":"0","YELLOW80MM":"0","HOLOGRAM":"0"},"TATAMOTORS_TATAINDICA":{"RED50MM":"0","WHITE50MM":"0","YELLOW50MM":"0","CLASS3":"0","CLASS4":"0","RED20MM":"1.75","WHITE20MM":"1.75","RED80MM":"0","WHITE80MM":"0","YELLOW20MM":"0","YELLOW80MM":"0","HOLOGRAM":"0"},"TATAMOTORS_TATA1109":{"RED50MM":"2","WHITE50MM":"2","YELLOW50MM":"16","CLASS3":"1","CLASS4":"0","RED20MM":"0","WHITE20MM":"0","RED80MM":"0","WHITE80MM":"0","YELLOW20MM":"0","YELLOW80MM":"0","HOLOGRAM":"0"},"TATAMOTORS_TATAWINGER":{"RED50MM":"0","WHITE50MM":"0","YELLOW50MM":"6","CLASS3":"0","CLASS4":"0","RED20MM":"1.75","WHITE20MM":"1.75","RED80MM":"0","WHITE80MM":"0","YELLOW20MM":"0","YELLOW80MM":"0","HOLOGRAM":"0"},"TATAMOTORS_TATA4018":{"RED50MM":"2.5","WHITE50MM":"2.5","YELLOW50MM":"25","CLASS3":"1","CLASS4":"0","RED20MM":"0","WHITE20MM":"0","RED80MM":"0","WHITE80MM":"0","YELLOW20MM":"0","YELLOW80MM":"0","HOLOGRAM":"0"},"TATAMOTORS_TATA207":{"RED50MM":"0","WHITE50MM":"0","YELLOW50MM":"6","CLASS3":"0","CLASS4":"0","RED20MM":"2","WHITE20MM":"2","RED80MM":"0","WHITE80MM":"0","YELLOW20MM":"0","YELLOW80MM":"0","HOLOGRAM":"0"},"TATAMOTORS_TATAINDIGO":{"RED50MM":"0","WHITE50MM":"0","YELLOW50MM":"0","CLASS3":"0","CLASS4":"0","RED20MM":"1.75","WHITE20MM":"1.75","RED80MM":"0","WHITE80MM":"0","YELLOW20MM":"0","YELLOW80MM":"0","HOLOGRAM":"0"},"TATAMOTORS_TATA709STARBUS":{"RED50MM":"2","WHITE50MM":"2","YELLOW50MM":"10","CLASS3":"0","CLASS4":"0","RED20MM":"0","WHITE20MM":"0","RED80MM":"0","WHITE80MM":"0","YELLOW20MM":"0","YELLOW80MM":"0","HOLOGRAM":"0"},"TATAMOTORS_TATA909":{"RED50MM":"2","WHITE50MM":"2","YELLOW50MM":"10.5","CLASS3":"1","CLASS4":"0","RED20MM":"0","WHITE20MM":"0","RED80MM":"0","WHITE80MM":"0","YELLOW20MM":"0","YELLOW80MM":"0","HOLOGRAM":"0"},"TATAMOTORS_TATA1615":{"RED50MM":"2","WHITE50MM":"2","YELLOW50MM":"16","CLASS3":"1","CLASS4":"0","RED20MM":"0","WHITE20MM":"0","RED80MM":"0","WHITE80MM":"0","YELLOW20MM":"0","YELLOW80MM":"0","HOLOGRAM":"0"},"TATAMOTORS_TATAMAGICIRISH":{"RED50MM":"0","WHITE50MM":"0","YELLOW50MM":"6","CLASS3":"0","CLASS4":"0","RED20MM":"1.75","WHITE20MM":"1.75","RED80MM":"0","WHITE80MM":"0","YELLOW20MM":"0","YELLOW80MM":"0","HOLOGRAM":"0"},"TATAMOTORS_TATA1512":{"RED50MM":"2","WHITE50MM":"2","YELLOW50MM":"16","CLASS3":"1","CLASS4":"0","RED20MM":"0","WHITE20MM":"0","RED80MM":"0","WHITE80MM":"0","YELLOW20MM":"0","YELLOW80MM":"0","HOLOGRAM":"0"},"TATAMOTORS_TATA3516":{"RED50MM":"2","WHITE50MM":"2","YELLOW50MM":"18","CLASS3":"0","CLASS4":"1","RED20MM":"0","WHITE20MM":"0","RED80MM":"0","WHITE80MM":"0","YELLOW20MM":"0","YELLOW80MM":"0","HOLOGRAM":"0"},"TATAMOTORS_TATA2515":{"RED50MM":"2","WHITE50MM":"2","YELLOW50MM":"16","CLASS3":"1","CLASS4":"0","RED20MM":"0","WHITE20MM":"0","RED80MM":"0","WHITE80MM":"0","YELLOW20MM":"0","YELLOW80MM":"0","HOLOGRAM":"0"},"TATAMOTORS_TATA1210":{"RED50MM":"2","WHITE50MM":"2","YELLOW50MM":"16","CLASS3":"1","CLASS4":"0","RED20MM":"0","WHITE20MM":"0","RED80MM":"0","WHITE80MM":"0","YELLOW20MM":"0","YELLOW80MM":"0","HOLOGRAM":"0"},"TATAMOTORS_TATA1612":{"RED50MM":"2","WHITE50MM":"2","YELLOW50MM":"16","CLASS3":"1","CLASS4":"0","RED20MM":"0","WHITE20MM":"0","RED80MM":"0","WHITE80MM":"0","YELLOW20MM":"0","YELLOW80MM":"0","HOLOGRAM":"0"},"TATAMOTORS_TATA1613":{"RED50MM":"2","WHITE50MM":"2","YELLOW50MM":"16","CLASS3":"1","CLASS4":"0","RED20MM":"0","WHITE20MM":"0","RED80MM":"0","WHITE80MM":"0","YELLOW20MM":"0","YELLOW80MM":"0","HOLOGRAM":"0"},"TATAMOTORS_TATA1616":{"RED50MM":"2","WHITE50MM":"2","YELLOW50MM":"16","CLASS3":"1","CLASS4":"0","RED20MM":"0","WHITE20MM":"0","RED80MM":"0","WHITE80MM":"0","YELLOW20MM":"0","YELLOW80MM":"0","HOLOGRAM":"0"},"TATAMOTORS_TATAMARCOPOLOSTARBUS":{"RED50MM":"2","WHITE50MM":"2","YELLOW50MM":"16","CLASS3":"0","CLASS4":"0","RED20MM":"0","WHITE20MM":"0","RED80MM":"0","WHITE80MM":"0","YELLOW20MM":"0","YELLOW80MM":"0","HOLOGRAM":"0"},"TATAMOTORS_TATA709":{"RED50MM":"2","WHITE50MM":"2","YELLOW50MM":"10","CLASS3":"1","CLASS4":"0","RED20MM":"0","WHITE20MM":"0","RED80MM":"0","WHITE80MM":"0","YELLOW20MM":"0","YELLOW80MM":"0","HOLOGRAM":"0"},"TATAMOTORS_TATA410":{"RED50MM":"2","WHITE50MM":"2","YELLOW50MM":"8","CLASS3":"1","CLASS4":"0","RED20MM":"0","WHITE20MM":"0","RED80MM":"0","WHITE80MM":"0","YELLOW20MM":"0","YELLOW80MM":"0","HOLOGRAM":"0"},"TATAMOTORS_TATA2518":{"RED50MM":"2","WHITE50MM":"2","YELLOW50MM":"16","CLASS3":"1","CLASS4":"0","RED20MM":"0","WHITE20MM":"0","RED80MM":"0","WHITE80MM":"0","YELLOW20MM":"0","YELLOW80MM":"0","HOLOGRAM":"0"},"TATAMOTORS_TATA912":{"RED50MM":"2","WHITE50MM":"2","YELLOW50MM":"16","CLASS3":"0","CLASS4":"0","RED20MM":"0","WHITE20MM":"0","RED80MM":"0","WHITE80MM":"0","YELLOW20MM":"0","YELLOW80MM":"0","HOLOGRAM":"0"},"TATAMOTORS_TATA3118":{"RED50MM":"2.5","WHITE50MM":"2.5","YELLOW50MM":"20","CLASS3":"1","CLASS4":"0","RED20MM":"0","WHITE20MM":"0","RED80MM":"0","WHITE80MM":"0","YELLOW20MM":"0","YELLOW80MM":"0","HOLOGRAM":"0"},"TATAMOTORS_TATA407":{"RED50MM":"2","WHITE50MM":"2","YELLOW50MM":"8","CLASS3":"1","CLASS4":"0","RED20MM":"0","WHITE20MM":"0","RED80MM":"0","WHITE80MM":"0","YELLOW20MM":"0","YELLOW80MM":"0","HOLOGRAM":"0"},"TATAMOTORS_TATA1510":{"RED50MM":"2","WHITE50MM":"2","YELLOW50MM":"16","CLASS3":"1","CLASS4":"0","RED20MM":"0","WHITE20MM":"0","RED80MM":"0","WHITE80MM":"0","YELLOW20MM":"0","YELLOW80MM":"0","HOLOGRAM":"0"},"TATAMOTORS_TATA3718":{"RED50MM":"2","WHITE50MM":"2","YELLOW50MM":"20","CLASS3":"1","CLASS4":"0","RED20MM":"0","WHITE20MM":"0","RED80MM":"0","WHITE80MM":"0","YELLOW20MM":"0","YELLOW80MM":"0","HOLOGRAM":"0"},"TATAMOTORS_TATA712":{"RED50MM":"2","WHITE50MM":"2","YELLOW50MM":"14","CLASS3":"0","CLASS4":"0","RED20MM":"0","WHITE20MM":"0","RED80MM":"0","WHITE80MM":"0","YELLOW20MM":"0","YELLOW80MM":"0","HOLOGRAM":"0"},"TATAMOTORS_TATABOLT":{"RED50MM":"0","WHITE50MM":"0","YELLOW50MM":"0","CLASS3":"0","CLASS4":"0","RED20MM":"1.75","WHITE20MM":"1.75","RED80MM":"0","WHITE80MM":"0","YELLOW20MM":"0","YELLOW80MM":"0","HOLOGRAM":"0"},"TATAMOTORS_TATA712STARBUS":{"RED50MM":"2","WHITE50MM":"2","YELLOW50MM":"16","CLASS3":"0","CLASS4":"0","RED20MM":"0","WHITE20MM":"0","RED80MM":"0","WHITE80MM":"0","YELLOW20MM":"0","YELLOW80MM":"0","HOLOGRAM":"0"},"TATAMOTORS_TATACITYRIDEBUS":{"RED50MM":"2","WHITE50MM":"2","YELLOW50MM":"16","CLASS3":"0","CLASS4":"0","RED20MM":"0","WHITE20MM":"0","RED80MM":"0","WHITE80MM":"0","YELLOW20MM":"0","YELLOW80MM":"0","HOLOGRAM":"0"},"TATAMOTORS_TATALPT1612":{"RED50MM":"2","WHITE50MM":"2","YELLOW50MM":"16","CLASS3":"1","CLASS4":"0","RED20MM":"0","WHITE20MM":"0","RED80MM":"0","WHITE80MM":"0","YELLOW20MM":"0","YELLOW80MM":"0","HOLOGRAM":"0"},"TATAMOTORS_TATASUMO":{"RED50MM":"0","WHITE50MM":"0","YELLOW50MM":"0","CLASS3":"0","CLASS4":"0","RED20MM":"1.75","WHITE20MM":"1.75","RED80MM":"0","WHITE80MM":"0","YELLOW20MM":"0","YELLOW80MM":"0","HOLOGRAM":"0"},"TATAMOTORS_TATASUPERACE":{"RED50MM":"0","WHITE50MM":"0","YELLOW50MM":"6","CLASS3":"0","CLASS4":"0","RED20MM":"1.75","WHITE20MM":"1.75","RED80MM":"0","WHITE80MM":"0","YELLOW20MM":"0","YELLOW80MM":"0","HOLOGRAM":"0"},"TATAMOTORS_TATATIAGO":{"RED50MM":"0","WHITE50MM":"0","YELLOW50MM":"0","CLASS3":"0","CLASS4":"0","RED20MM":"1.75","WHITE20MM":"1.75","RED80MM":"0","WHITE80MM":"0","YELLOW20MM":"0","YELLOW80MM":"0","HOLOGRAM":"0"},"TATAMOTORS_TATAULTRA1012":{"RED50MM":"2","WHITE50MM":"2","YELLOW50MM":"16","CLASS3":"1","CLASS4":"0","RED20MM":"0","WHITE20MM":"0","RED80MM":"0","WHITE80MM":"0","YELLOW20MM":"0","YELLOW80MM":"0","HOLOGRAM":"0"},"TATAMOTORS_TATAULTRA912":{"RED50MM":"2","WHITE50MM":"2","YELLOW50MM":"16","CLASS3":"1","CLASS4":"0","RED20MM":"0","WHITE20MM":"0","RED80MM":"0","WHITE80MM":"0","YELLOW20MM":"0","YELLOW80MM":"0","HOLOGRAM":"0"},"TATAMOTORS_TATAXENONPICKUP":{"RED50MM":"0","WHITE50MM":"0","YELLOW50MM":"6","CLASS3":"0","CLASS4":"0","RED20MM":"1.5","WHITE20MM":"1.5","RED80MM":"0","WHITE80MM":"0","YELLOW20MM":"0","YELLOW80MM":"0","HOLOGRAM":"0"},"TATAMOTORS_TATAZEST":{"RED50MM":"0","WHITE50MM":"0","YELLOW50MM":"0","CLASS3":"0","CLASS4":"0","RED20MM":"1.75","WHITE20MM":"1.75","RED80MM":"0","WHITE80MM":"0","YELLOW20MM":"0","YELLOW80MM":"0","HOLOGRAM":"0"},"TATAMOTORS_TATA3516TANKAR":{"RED50MM":"5","WHITE50MM":"2.5","YELLOW50MM":"21","CLASS3":"0","CLASS4":"1","RED20MM":"0","WHITE20MM":"0","RED80MM":"0","WHITE80MM":"0","YELLOW20MM":"0","YELLOW80MM":"0","HOLOGRAM":"0"},"TATAMOTORS_TATA3516TRAILAR":{"RED50MM":"2.5","WHITE50MM":"2.5","YELLOW50MM":"21","CLASS3":"0","CLASS4":"1","RED20MM":"0","WHITE20MM":"0","RED80MM":"0","WHITE80MM":"0","YELLOW20MM":"0","YELLOW80MM":"0","HOLOGRAM":"0"},"TATAMOTORS_TATA3516BULKER":{"RED50MM":"8","WHITE50MM":"2.5","YELLOW50MM":"30","CLASS3":"0","CLASS4":"1","RED20MM":"0","WHITE20MM":"0","RED80MM":"0","WHITE80MM":"0","YELLOW20MM":"0","YELLOW80MM":"0","HOLOGRAM":"0"},"TATAMOTORS_TATA3518TANKAR":{"RED50MM":"5","WHITE50MM":"2.5","YELLOW50MM":"21","CLASS3":"0","CLASS4":"1","RED20MM":"0","WHITE20MM":"0","RED80MM":"0","WHITE80MM":"0","YELLOW20MM":"0","YELLOW80MM":"0","HOLOGRAM":"0"},"TATAMOTORS_TATA3518TRAILAR":{"RED50MM":"2.5","WHITE50MM":"2.5","YELLOW50MM":"28","CLASS3":"0","CLASS4":"1","RED20MM":"0","WHITE20MM":"0","RED80MM":"0","WHITE80MM":"0","YELLOW20MM":"0","YELLOW80MM":"0","HOLOGRAM":"0"},"TATAMOTORS_TATA3518BULKER":{"RED50MM":"8","WHITE50MM":"2.5","YELLOW50MM":"30","CLASS3":"0","CLASS4":"1","RED20MM":"0","WHITE20MM":"0","RED80MM":"0","WHITE80MM":"0","YELLOW20MM":"0","YELLOW80MM":"0","HOLOGRAM":"0"},"TATAMOTORS_TATA4018TANKAR":{"RED50MM":"5","WHITE50MM":"2.5","YELLOW50MM":"21","CLASS3":"0","CLASS4":"1","RED20MM":"0","WHITE20MM":"0","RED80MM":"0","WHITE80MM":"0","YELLOW20MM":"0","YELLOW80MM":"0","HOLOGRAM":"0"},"TATAMOTORS_TATA4018TRAILAR":{"RED50MM":"2.5","WHITE50MM":"2.5","YELLOW50MM":"28","CLASS3":"0","CLASS4":"1","RED20MM":"0","WHITE20MM":"0","RED80MM":"0","WHITE80MM":"0","YELLOW20MM":"0","YELLOW80MM":"0","HOLOGRAM":"0"},"TATAMOTORS_TATA4018BULKER":{"RED50MM":"8","WHITE50MM":"2.5","YELLOW50MM":"30","CLASS3":"0","CLASS4":"1","RED20MM":"0","WHITE20MM":"0","RED80MM":"0","WHITE80MM":"0","YELLOW20MM":"0","YELLOW80MM":"0","HOLOGRAM":"0"},"TATAMOTORS_TATA218":{"RED50MM":"0","WHITE50MM":"0","YELLOW50MM":"6","CLASS3":"0","CLASS4":"0","RED20MM":"1.3","WHITE20MM":"1.3","RED80MM":"0","WHITE80MM":"0","YELLOW20MM":"0","YELLOW80MM":"0","HOLOGRAM":"0"},"TATAMOTORS_TATA407":{"RED50MM":"2","WHITE50MM":"1.7","YELLOW50MM":"8","CLASS3":"0","CLASS4":"0","RED20MM":"0","WHITE20MM":"0","RED80MM":"0","WHITE80MM":"0","YELLOW20MM":"0","YELLOW80MM":"0","HOLOGRAM":"0"},"TATAMOTORS_TATA2516":{"RED50MM":"2","WHITE50MM":"2.3","YELLOW50MM":"16","CLASS3":"1","CLASS4":"0","RED20MM":"0","WHITE20MM":"0","RED80MM":"0","WHITE80MM":"0","YELLOW20MM":"0","YELLOW80MM":"0","HOLOGRAM":"0"},"TATAMOTORS_TATALPT1412":{"RED50MM":"2","WHITE50MM":"2","YELLOW50MM":"12","CLASS3":"1","CLASS4":"0","RED20MM":"0","WHITE20MM":"0","RED80MM":"0","WHITE80MM":"0","YELLOW20MM":"0","YELLOW80MM":"0","HOLOGRAM":"0"},"ASOAMOTOR_AMW2518":{"RED50MM":"2","WHITE50MM":"2","YELLOW50MM":"18","CLASS3":"1","CLASS4":"0","RED20MM":"0","WHITE20MM":"0","RED80MM":"0","WHITE80MM":"0","YELLOW20MM":"0","YELLOW80MM":"0","HOLOGRAM":"0"},"BAJAJ_TRAVELLERCRUSIER":{"RED50MM":"0","WHITE50MM":"0","YELLOW50MM":"9","CLASS3":"0","CLASS4":"0","RED20MM":"2","WHITE20MM":"2","RED80MM":"0","WHITE80MM":"0","YELLOW20MM":"0","YELLOW80MM":"0","HOLOGRAM":"0"},"BAJAJ_BAJAJTEMPO":{"RED50MM":"1.5","WHITE50MM":"1.5","YELLOW50MM":"6","CLASS3":"0","CLASS4":"0","RED20MM":"0","WHITE20MM":"0","RED80MM":"0","WHITE80MM":"0","YELLOW20MM":"0","YELLOW80MM":"0","HOLOGRAM":"0"},"BAJAJ_BAJAJAUTO":{"RED50MM":"0","WHITE50MM":"0","YELLOW50MM":"0","CLASS3":"0","CLASS4":"0","RED20MM":"1.25","WHITE20MM":"1.4","RED80MM":"0","WHITE80MM":"0","YELLOW20MM":"0","YELLOW80MM":"0","HOLOGRAM":"0"},"FORCEMOTOR_FORCETRAVELER":{"RED50MM":"2","WHITE50MM":"2","YELLOW50MM":"9","CLASS3":"0","CLASS4":"0","RED20MM":"0","WHITE20MM":"0","RED80MM":"0","WHITE80MM":"0","YELLOW20MM":"0","YELLOW80MM":"0","HOLOGRAM":"0"},"FORCEMOTOR_TEMPOTRAVELLER":{"RED50MM":"2","WHITE50MM":"2","YELLOW50MM":"12","CLASS3":"0","CLASS4":"0","RED20MM":"0","WHITE20MM":"0","RED80MM":"0","WHITE80MM":"0","YELLOW20MM":"0","YELLOW80MM":"0","HOLOGRAM":"0"},"FORCEMOTOR_TRUMP40PICKUP":{"RED50MM":"1.5","WHITE50MM":"1.5","YELLOW50MM":"0","CLASS3":"0","CLASS4":"0","RED20MM":"0","WHITE20MM":"0","RED80MM":"0","WHITE80MM":"0","YELLOW20MM":"0","YELLOW80MM":"0","HOLOGRAM":"0"},"GENERALMOTORS_CHEVEROLETTAVERA":{"RED50MM":"0","WHITE50MM":"0","YELLOW50MM":"0","CLASS3":"0","CLASS4":"0","RED20MM":"1.75","WHITE20MM":"1.75","RED80MM":"0","WHITE80MM":"0","YELLOW20MM":"0","YELLOW80MM":"0","HOLOGRAM":"0"},"GENERALMOTORS_CHEVEROLETENJOY":{"RED50MM":"0","WHITE50MM":"0","YELLOW50MM":"0","CLASS3":"0","CLASS4":"0","RED20MM":"1.75","WHITE20MM":"1.75","RED80MM":"0","WHITE80MM":"0","YELLOW20MM":"0","YELLOW80MM":"0","HOLOGRAM":"0"},"GENERALMOTORS_CHEVEROLETBEAT":{"RED50MM":"0","WHITE50MM":"0","YELLOW50MM":"0","CLASS3":"0","CLASS4":"0","RED20MM":"1.75","WHITE20MM":"1.75","RED80MM":"0","WHITE80MM":"0","YELLOW20MM":"0","YELLOW80MM":"0","HOLOGRAM":"0"},"GENERALMOTORS_CHEVEROLETSAIL":{"RED50MM":"0","WHITE50MM":"0","YELLOW50MM":"0","CLASS3":"0","CLASS4":"0","RED20MM":"1.75","WHITE20MM":"1.75","RED80MM":"0","WHITE80MM":"0","YELLOW20MM":"0","YELLOW80MM":"0","HOLOGRAM":"0"},"HINDUSTANMOTOR_AMBASSDOR":{"RED50MM":"0","WHITE50MM":"0","YELLOW50MM":"0","CLASS3":"0","CLASS4":"0","RED20MM":"1.75","WHITE20MM":"1.75","RED80MM":"0","WHITE80MM":"0","YELLOW20MM":"0","YELLOW80MM":"0","HOLOGRAM":"0"},"HONDA_AMAZE":{"RED50MM":"0","WHITE50MM":"0","YELLOW50MM":"0","CLASS3":"0","CLASS4":"0","RED20MM":"1.75","WHITE20MM":"1.75","RED80MM":"0","WHITE80MM":"0","YELLOW20MM":"0","YELLOW80MM":"0","HOLOGRAM":"0"},"HONDA_CITY":{"RED50MM":"0","WHITE50MM":"0","YELLOW50MM":"0","CLASS3":"0","CLASS4":"0","RED20MM":"1.75","WHITE20MM":"1.75","RED80MM":"0","WHITE80MM":"0","YELLOW20MM":"0","YELLOW80MM":"0","HOLOGRAM":"0"},"HONDA_MOBILIO":{"RED50MM":"0","WHITE50MM":"0","YELLOW50MM":"0","CLASS3":"0","CLASS4":"0","RED20MM":"1.75","WHITE20MM":"1.75","RED80MM":"0","WHITE80MM":"0","YELLOW20MM":"0","YELLOW80MM":"0","HOLOGRAM":"0"},"HYUNDAI_XCENT":{"RED50MM":"0","WHITE50MM":"0","YELLOW50MM":"0","CLASS3":"0","CLASS4":"0","RED20MM":"1.75","WHITE20MM":"1.75","RED80MM":"0","WHITE80MM":"0","YELLOW20MM":"0","YELLOW80MM":"0","HOLOGRAM":"0"},"HYUNDAI_SANTRO":{"RED50MM":"0","WHITE50MM":"0","YELLOW50MM":"0","CLASS3":"0","CLASS4":"0","RED20MM":"1.75","WHITE20MM":"1.75","RED80MM":"0","WHITE80MM":"0","YELLOW20MM":"0","YELLOW80MM":"0","HOLOGRAM":"0"},"HYUNDAI_GRAND":{"RED50MM":"0","WHITE50MM":"0","YELLOW50MM":"0","CLASS3":"0","CLASS4":"0","RED20MM":"1.75","WHITE20MM":"1.75","RED80MM":"0","WHITE80MM":"0","YELLOW20MM":"0","YELLOW80MM":"0","HOLOGRAM":"0"},"HYUNDAI_i10":{"RED50MM":"0","WHITE50MM":"0","YELLOW50MM":"0","CLASS3":"0","CLASS4":"0","RED20MM":"1.75","WHITE20MM":"1.75","RED80MM":"0","WHITE80MM":"0","YELLOW20MM":"0","YELLOW80MM":"0","HOLOGRAM":"0"},"HYUNDAI_EON":{"RED50MM":"0","WHITE50MM":"0","YELLOW50MM":"0","CLASS3":"0","CLASS4":"0","RED20MM":"1.75","WHITE20MM":"1.75","RED80MM":"0","WHITE80MM":"0","YELLOW20MM":"0","YELLOW80MM":"0","HOLOGRAM":"0"},"MAN_MAN25.250TRUCK":{"RED50MM":"2","WHITE50MM":"2","YELLOW50MM":"18","CLASS3":"1","CLASS4":"0","RED20MM":"0","WHITE20MM":"0","RED80MM":"0","WHITE80MM":"0","YELLOW20MM":"0","YELLOW80MM":"0","HOLOGRAM":"0"},"MAN_CLATANKER":{"RED50MM":"5","WHITE50MM":"4","YELLOW50MM":"23","CLASS3":"0","CLASS4":"1","RED20MM":"0","WHITE20MM":"0","RED80MM":"0","WHITE80MM":"0","YELLOW20MM":"0","YELLOW80MM":"0","HOLOGRAM":"0"},"MAN_CLATAILER":{"RED50MM":"2.5","WHITE50MM":"2.5","YELLOW50MM":"28","CLASS3":"0","CLASS4":"1","RED20MM":"0","WHITE20MM":"0","RED80MM":"0","WHITE80MM":"0","YELLOW20MM":"0","YELLOW80MM":"0","HOLOGRAM":"0"},"MAN_CLABULKER":{"RED50MM":"8","WHITE50MM":"2.5","YELLOW50MM":"30","CLASS3":"0","CLASS4":"1","RED20MM":"0","WHITE20MM":"0","RED80MM":"0","WHITE80MM":"0","YELLOW20MM":"0","YELLOW80MM":"0","HOLOGRAM":"0"},"MAN_CLA16.220":{"RED50MM":"2","WHITE50MM":"2","YELLOW50MM":"12","CLASS3":"1","CLASS4":"0","RED20MM":"0","WHITE20MM":"0","RED80MM":"0","WHITE80MM":"0","YELLOW20MM":"0","YELLOW80MM":"0","HOLOGRAM":"0"},"MARUTHISUZUKI_WAGONR":{"RED50MM":"0","WHITE50MM":"0","YELLOW50MM":"0","CLASS3":"0","CLASS4":"0","RED20MM":"1.75","WHITE20MM":"1.75","RED80MM":"0","WHITE80MM":"0","YELLOW20MM":"0","YELLOW80MM":"0","HOLOGRAM":"0"},"MARUTHISUZUKI_RITZ":{"RED50MM":"0","WHITE50MM":"0","YELLOW50MM":"0","CLASS3":"0","CLASS4":"0","RED20MM":"1.75","WHITE20MM":"1.75","RED80MM":"0","WHITE80MM":"0","YELLOW20MM":"0","YELLOW80MM":"0","HOLOGRAM":"0"},"MARUTHISUZUKI_CELERIO":{"RED50MM":"0","WHITE50MM":"0","YELLOW50MM":"0","CLASS3":"0","CLASS4":"0","RED20MM":"1.75","WHITE20MM":"1.75","RED80MM":"0","WHITE80MM":"0","YELLOW20MM":"0","YELLOW80MM":"0","HOLOGRAM":"0"},"MARUTHISUZUKI_ALTOK10":{"RED50MM":"0","WHITE50MM":"0","YELLOW50MM":"0","CLASS3":"0","CLASS4":"0","RED20MM":"1.75","WHITE20MM":"1.75","RED80MM":"0","WHITE80MM":"0","YELLOW20MM":"0","YELLOW80MM":"0","HOLOGRAM":"0"},"MARUTHISUZUKI_GYPSY":{"RED50MM":"0","WHITE50MM":"0","YELLOW50MM":"0","CLASS3":"0","CLASS4":"0","RED20MM":"1.75","WHITE20MM":"1.75","RED80MM":"0","WHITE80MM":"0","YELLOW20MM":"0","YELLOW80MM":"0","HOLOGRAM":"0"},"MARUTHISUZUKI_ESTEEM":{"RED50MM":"0","WHITE50MM":"0","YELLOW50MM":"0","CLASS3":"0","CLASS4":"0","RED20MM":"1.75","WHITE20MM":"1.75","RED80MM":"0","WHITE80MM":"0","YELLOW20MM":"0","YELLOW80MM":"0","HOLOGRAM":"0"},"MARUTHISUZUKI_VERSA":{"RED50MM":"0","WHITE50MM":"0","YELLOW50MM":"0","CLASS3":"0","CLASS4":"0","RED20MM":"1.75","WHITE20MM":"1.75","RED80MM":"0","WHITE80MM":"0","YELLOW20MM":"0","YELLOW80MM":"0","HOLOGRAM":"0"},"MARUTHISUZUKI_OMINI":{"RED50MM":"0","WHITE50MM":"0","YELLOW50MM":"0","CLASS3":"0","CLASS4":"0","RED20MM":"1.75","WHITE20MM":"1.75","RED80MM":"0","WHITE80MM":"0","YELLOW20MM":"0","YELLOW80MM":"0","HOLOGRAM":"0"},"MARUTHISUZUKI_EECO":{"RED50MM":"0","WHITE50MM":"0","YELLOW50MM":"0","CLASS3":"0","CLASS4":"0","RED20MM":"1.75","WHITE20MM":"1.75","RED80MM":"0","WHITE80MM":"0","YELLOW20MM":"0","YELLOW80MM":"0","HOLOGRAM":"0"},"MARUTHISUZUKI_SWIFT":{"RED50MM":"0","WHITE50MM":"0","YELLOW50MM":"0","CLASS3":"0","CLASS4":"0","RED20MM":"1.75","WHITE20MM":"1.75","RED80MM":"0","WHITE80MM":"0","YELLOW20MM":"0","YELLOW80MM":"0","HOLOGRAM":"0"},"MARUTHISUZUKI_SWIFTDZIRE":{"RED50MM":"0","WHITE50MM":"0","YELLOW50MM":"0","CLASS3":"0","CLASS4":"0","RED20MM":"1.75","WHITE20MM":"1.75","RED80MM":"0","WHITE80MM":"0","YELLOW20MM":"0","YELLOW80MM":"0","HOLOGRAM":"0"},"MARUTHISUZUKI_ERTIGA":{"RED50MM":"0","WHITE50MM":"0","YELLOW50MM":"0","CLASS3":"0","CLASS4":"0","RED20MM":"1.75","WHITE20MM":"1.75","RED80MM":"0","WHITE80MM":"0","YELLOW20MM":"0","YELLOW80MM":"0","HOLOGRAM":"0"},"MARUTHISUZUKI_SUPERCARRY":{"RED50MM":"0","WHITE50MM":"0","YELLOW50MM":"0","CLASS3":"0","CLASS4":"0","RED20MM":"1.5","WHITE20MM":"1.5","RED80MM":"0","WHITE80MM":"0","YELLOW20MM":"0","YELLOW80MM":"0","HOLOGRAM":"0"},"NISSAN_LODGY":{"RED50MM":"0","WHITE50MM":"0","YELLOW50MM":"0","CLASS3":"0","CLASS4":"0","RED20MM":"1.5","WHITE20MM":"1.5","RED80MM":"0","WHITE80MM":"0","YELLOW20MM":"0","YELLOW80MM":"0","HOLOGRAM":"0"},"NISSAN_SUNNY":{"RED50MM":"0","WHITE50MM":"0","YELLOW50MM":"0","CLASS3":"0","CLASS4":"0","RED20MM":"1.75","WHITE20MM":"1.75","RED80MM":"0","WHITE80MM":"0","YELLOW20MM":"0","YELLOW80MM":"0","HOLOGRAM":"0"},"NISSAN_MICRA":{"RED50MM":"0","WHITE50MM":"0","YELLOW50MM":"0","CLASS3":"0","CLASS4":"0","RED20MM":"1.75","WHITE20MM":"1.75","RED80MM":"0","WHITE80MM":"0","YELLOW20MM":"0","YELLOW80MM":"0","HOLOGRAM":"0"},"NISSAN_DATSUNGO":{"RED50MM":"0","WHITE50MM":"0","YELLOW50MM":"0","CLASS3":"0","CLASS4":"0","RED20MM":"1.75","WHITE20MM":"1.75","RED80MM":"0","WHITE80MM":"0","YELLOW20MM":"0","YELLOW80MM":"0","HOLOGRAM":"0"},"RENAULT_KWID":{"RED50MM":"0","WHITE50MM":"0","YELLOW50MM":"0","CLASS3":"0","CLASS4":"0","RED20MM":"1.75","WHITE20MM":"1.75","RED80MM":"0","WHITE80MM":"0","YELLOW20MM":"0","YELLOW80MM":"0","HOLOGRAM":"0"},"RENAULT_LODGY":{"RED50MM":"0","WHITE50MM":"0","YELLOW50MM":"0","CLASS3":"0","CLASS4":"0","RED20MM":"1.75","WHITE20MM":"1.75","RED80MM":"0","WHITE80MM":"0","YELLOW20MM":"0","YELLOW80MM":"0","HOLOGRAM":"0"},"SWARAJMAZDA_ZT54":{"RED50MM":"2","WHITE50MM":"2","YELLOW50MM":"16","CLASS3":"1","CLASS4":"0","RED20MM":"0","WHITE20MM":"0","RED80MM":"0","WHITE80MM":"0","YELLOW20MM":"0","YELLOW80MM":"0","HOLOGRAM":"0"},"SWARAJMAZDA_SUPER":{"RED50MM":"2","WHITE50MM":"2","YELLOW50MM":"16","CLASS3":"1","CLASS4":"0","RED20MM":"0","WHITE20MM":"0","RED80MM":"0","WHITE80MM":"0","YELLOW20MM":"0","YELLOW80MM":"0","HOLOGRAM":"0"},"SWARAJMAZDA_SAMRAT":{"RED50MM":"2","WHITE50MM":"2","YELLOW50MM":"16","CLASS3":"1","CLASS4":"0","RED20MM":"0","WHITE20MM":"0","RED80MM":"0","WHITE80MM":"0","YELLOW20MM":"0","YELLOW80MM":"0","HOLOGRAM":"0"},"SWARAJMAZDA_SARTAJ":{"RED50MM":"2","WHITE50MM":"2","YELLOW50MM":"16","CLASS3":"1","CLASS4":"0","RED20MM":"0","WHITE20MM":"0","RED80MM":"0","WHITE80MM":"0","YELLOW20MM":"0","YELLOW80MM":"0","HOLOGRAM":"0"},"SWARAJMAZDA_SMLISUZUWV26T3500":{"RED50MM":"2","WHITE50MM":"2","YELLOW50MM":"16","CLASS3":"1","CLASS4":"0","RED20MM":"0","WHITE20MM":"0","RED80MM":"0","WHITE80MM":"0","YELLOW20MM":"0","YELLOW80MM":"0","HOLOGRAM":"0"},"SWARAJMAZDA_T3500":{"RED50MM":"2","WHITE50MM":"2","YELLOW50MM":"16","CLASS3":"1","CLASS4":"0","RED20MM":"0","WHITE20MM":"0","RED80MM":"0","WHITE80MM":"0","YELLOW20MM":"0","YELLOW80MM":"0","HOLOGRAM":"0"},"SWARAJMAZDA_SAMRATTURBO":{"RED50MM":"2","WHITE50MM":"2","YELLOW50MM":"16","CLASS3":"1","CLASS4":"0","RED20MM":"0","WHITE20MM":"0","RED80MM":"0","WHITE80MM":"0","YELLOW20MM":"0","YELLOW80MM":"0","HOLOGRAM":"0"},"SWARAJMAZDA_T3500BUS":{"RED50MM":"2","WHITE50MM":"2","YELLOW50MM":"18","CLASS3":"0","CLASS4":"0","RED20MM":"0","WHITE20MM":"0","RED80MM":"0","WHITE80MM":"0","YELLOW20MM":"0","YELLOW80MM":"0","HOLOGRAM":"0"},"SWARAJMAZDA_SMLMAXICAB":{"RED50MM":"2","WHITE50MM":"2","YELLOW50MM":"0","CLASS3":"0","CLASS4":"0","RED20MM":"0","WHITE20MM":"0","RED80MM":"0","WHITE80MM":"0","YELLOW20MM":"0","YELLOW80MM":"0","HOLOGRAM":"0"},"SWARAJMAZDA_OMNIBUS":{"RED50MM":"1.5","WHITE50MM":"1.5","YELLOW50MM":"12","CLASS3":"0","CLASS4":"0","RED20MM":"0","WHITE20MM":"0","RED80MM":"0","WHITE80MM":"0","YELLOW20MM":"0","YELLOW80MM":"0","HOLOGRAM":"0"},"SWARAJMAZDA_WT48E":{"RED50MM":"2","WHITE50MM":"1.5","YELLOW50MM":"10","CLASS3":"0","CLASS4":"0","RED20MM":"0","WHITE20MM":"0","RED80MM":"0","WHITE80MM":"0","YELLOW20MM":"0","YELLOW80MM":"0","HOLOGRAM":"0"},"TOYOTAKIRLOKAR_ETIOS":{"RED50MM":"0","WHITE50MM":"0","YELLOW50MM":"0","CLASS3":"0","CLASS4":"0","RED20MM":"1.75","WHITE20MM":"1.75","RED80MM":"0","WHITE80MM":"0","YELLOW20MM":"0","YELLOW80MM":"0","HOLOGRAM":"0"},"TOYOTAKIRLOKAR_ETIOSLIVA":{"RED50MM":"0","WHITE50MM":"0","YELLOW50MM":"0","CLASS3":"0","CLASS4":"0","RED20MM":"1.75","WHITE20MM":"1.75","RED80MM":"0","WHITE80MM":"0","YELLOW20MM":"0","YELLOW80MM":"0","HOLOGRAM":"0"},"TOYOTAKIRLOKAR_INNOVA":{"RED50MM":"0","WHITE50MM":"0","YELLOW50MM":"0","CLASS3":"0","CLASS4":"0","RED20MM":"1.75","WHITE20MM":"1.75","RED80MM":"0","WHITE80MM":"0","YELLOW20MM":"0","YELLOW80MM":"0","HOLOGRAM":"0"},"VECOMMERCIAL_EICHER10.75":{"RED50MM":"2","WHITE50MM":"2","YELLOW50MM":"16","CLASS3":"1","CLASS4":"0","RED20MM":"0","WHITE20MM":"0","RED80MM":"0","WHITE80MM":"0","YELLOW20MM":"0","YELLOW80MM":"0","HOLOGRAM":"0"},"VECOMMERCIAL_EICHER10.50":{"RED50MM":"2","WHITE50MM":"2","YELLOW50MM":"16","CLASS3":"1","CLASS4":"0","RED20MM":"0","WHITE20MM":"0","RED80MM":"0","WHITE80MM":"0","YELLOW20MM":"0","YELLOW80MM":"0","HOLOGRAM":"0"},"VECOMMERCIAL_EICHER30.25":{"RED50MM":"2","WHITE50MM":"2","YELLOW50MM":"16","CLASS3":"1","CLASS4":"0","RED20MM":"0","WHITE20MM":"0","RED80MM":"0","WHITE80MM":"0","YELLOW20MM":"0","YELLOW80MM":"0","HOLOGRAM":"0"},"VECOMMERCIAL_EICHER20.15":{"RED50MM":"2","WHITE50MM":"2","YELLOW50MM":"16","CLASS3":"1","CLASS4":"0","RED20MM":"0","WHITE20MM":"0","RED80MM":"0","WHITE80MM":"0","YELLOW20MM":"0","YELLOW80MM":"0","HOLOGRAM":"0"},"VECOMMERCIAL_EICHER20.16":{"RED50MM":"2","WHITE50MM":"2","YELLOW50MM":"16","CLASS3":"1","CLASS4":"0","RED20MM":"0","WHITE20MM":"0","RED80MM":"0","WHITE80MM":"0","YELLOW20MM":"0","YELLOW80MM":"0","HOLOGRAM":"0"},"VECOMMERCIAL_EICHER11.10":{"RED50MM":"2","WHITE50MM":"2","YELLOW50MM":"16","CLASS3":"1","CLASS4":"0","RED20MM":"0","WHITE20MM":"0","RED80MM":"0","WHITE80MM":"0","YELLOW20MM":"0","YELLOW80MM":"0","HOLOGRAM":"0"},"VECOMMERCIAL_EICHER10.59":{"RED50MM":"2","WHITE50MM":"2","YELLOW50MM":"16","CLASS3":"1","CLASS4":"0","RED20MM":"0","WHITE20MM":"0","RED80MM":"0","WHITE80MM":"0","YELLOW20MM":"0","YELLOW80MM":"0","HOLOGRAM":"0"},"VECOMMERCIAL_EICHER10.90":{"RED50MM":"2","WHITE50MM":"2","YELLOW50MM":"16","CLASS3":"1","CLASS4":"0","RED20MM":"0","WHITE20MM":"0","RED80MM":"0","WHITE80MM":"0","YELLOW20MM":"0","YELLOW80MM":"0","HOLOGRAM":"0"},"VECOMMERCIAL_EICHER10.95":{"RED50MM":"2","WHITE50MM":"2","YELLOW50MM":"16","CLASS3":"1","CLASS4":"0","RED20MM":"0","WHITE20MM":"0","RED80MM":"0","WHITE80MM":"0","YELLOW20MM":"0","YELLOW80MM":"0","HOLOGRAM":"0"},"VECOMMERCIAL_EICHER10.80":{"RED50MM":"2","WHITE50MM":"2","YELLOW50MM":"16","CLASS3":"1","CLASS4":"0","RED20MM":"0","WHITE20MM":"0","RED80MM":"0","WHITE80MM":"0","YELLOW20MM":"0","YELLOW80MM":"0","HOLOGRAM":"0"},"VECOMMERCIAL_EICHER11.12":{"RED50MM":"2","WHITE50MM":"2","YELLOW50MM":"16","CLASS3":"1","CLASS4":"0","RED20MM":"0","WHITE20MM":"0","RED80MM":"0","WHITE80MM":"0","YELLOW20MM":"0","YELLOW80MM":"0","HOLOGRAM":"0"},"VECOMMERCIAL_EICHER10.70":{"RED50MM":"2","WHITE50MM":"2","YELLOW50MM":"16","CLASS3":"1","CLASS4":"0","RED20MM":"0","WHITE20MM":"0","RED80MM":"0","WHITE80MM":"0","YELLOW20MM":"0","YELLOW80MM":"0","HOLOGRAM":"0"},"VECOMMERCIAL_EICHERTERRA16":{"RED50MM":"2","WHITE50MM":"2","YELLOW50MM":"20","CLASS3":"1","CLASS4":"0","RED20MM":"0","WHITE20MM":"0","RED80MM":"0","WHITE80MM":"0","YELLOW20MM":"0","YELLOW80MM":"0","HOLOGRAM":"0"},"VECOMMERCIAL_EICHERMITSUBISHICANTER":{"RED50MM":"2","WHITE50MM":"2","YELLOW50MM":"16","CLASS3":"1","CLASS4":"0","RED20MM":"0","WHITE20MM":"0","RED80MM":"0","WHITE80MM":"0","YELLOW20MM":"0","YELLOW80MM":"0","HOLOGRAM":"0"},"VECOMMERCIAL_EICHER10.60":{"RED50MM":"2","WHITE50MM":"2","YELLOW50MM":"16","CLASS3":"1","CLASS4":"0","RED20MM":"0","WHITE20MM":"0","RED80MM":"0","WHITE80MM":"0","YELLOW20MM":"0","YELLOW80MM":"0","HOLOGRAM":"0"},"VECOMMERCIAL_EICHER10.50DBUS":{"RED50MM":"2","WHITE50MM":"2","YELLOW50MM":"16","CLASS3":"0","CLASS4":"0","RED20MM":"0","WHITE20MM":"0","RED80MM":"0","WHITE80MM":"0","YELLOW20MM":"0","YELLOW80MM":"0","HOLOGRAM":"0"},"VECOMMERCIAL_EICHERLGVOLD":{"RED50MM":"2","WHITE50MM":"2","YELLOW50MM":"10","CLASS3":"0","CLASS4":"0","RED20MM":"0","WHITE20MM":"0","RED80MM":"0","WHITE80MM":"0","YELLOW20MM":"0","YELLOW80MM":"0","HOLOGRAM":"0"},"VECOMMERCIAL_EICHERPRO1049":{"RED50MM":"2","WHITE50MM":"2","YELLOW50MM":"7","CLASS3":"0","CLASS4":"0","RED20MM":"0","WHITE20MM":"0","RED80MM":"0","WHITE80MM":"0","YELLOW20MM":"0","YELLOW80MM":"0","HOLOGRAM":"0"},"VECOMMERCIAL_EICHER10.50CBUS":{"RED50MM":"2","WHITE50MM":"2","YELLOW50MM":"8","CLASS3":"0","CLASS4":"0","RED20MM":"0","WHITE20MM":"0","RED80MM":"0","WHITE80MM":"0","YELLOW20MM":"0","YELLOW80MM":"0","HOLOGRAM":"0"},"VECOMMERCIAL_MOTORDVAN150HP":{"RED50MM":"2","WHITE50MM":"2","YELLOW50MM":"6","CLASS3":"0","CLASS4":"0","RED20MM":"0","WHITE20MM":"0","RED80MM":"0","WHITE80MM":"0","YELLOW20MM":"0","YELLOW80MM":"0","HOLOGRAM":"0"},"PIAGGO_APE":{"RED50MM":"0","WHITE50MM":"0","YELLOW50MM":"0","CLASS3":"0","CLASS4":"0","RED20MM":"1.25","WHITE20MM":"1.25","RED80MM":"0","WHITE80MM":"0","YELLOW20MM":"0","YELLOW80MM":"0","HOLOGRAM":"0"},"PIAGGO_APECARGO":{"RED50MM":"0","WHITE50MM":"0","YELLOW50MM":"0","CLASS3":"0","CLASS4":"0","RED20MM":"1.5","WHITE20MM":"1.5","RED80MM":"0","WHITE80MM":"0","YELLOW20MM":"0","YELLOW80MM":"0","HOLOGRAM":"0"},"PIAGGO_APEXTRALD":{"RED50MM":"0","WHITE50MM":"0","YELLOW50MM":"0","CLASS3":"0","CLASS4":"0","RED20MM":"1.5","WHITE20MM":"1.5","RED80MM":"0","WHITE80MM":"0","YELLOW20MM":"0","YELLOW80MM":"0","HOLOGRAM":"0"},"DAIMLERINDIACOMERCIALVEHICLE_TTTANKER":{"RED50MM":"5","WHITE50MM":"2.5","YELLOW50MM":"21","CLASS3":"0","CLASS4":"1","RED20MM":"0","WHITE20MM":"0","RED80MM":"0","WHITE80MM":"0","YELLOW20MM":"0","YELLOW80MM":"0","HOLOGRAM":"0"},"DAIMLERINDIACOMERCIALVEHICLE_TTTAILER":{"RED50MM":"2.5","WHITE50MM":"2.5","YELLOW50MM":"28","CLASS3":"0","CLASS4":"1","RED20MM":"0","WHITE20MM":"0","RED80MM":"0","WHITE80MM":"0","YELLOW20MM":"0","YELLOW80MM":"0","HOLOGRAM":"0"},"DAIMLERINDIACOMERCIALVEHICLE_TTBULKER":{"RED50MM":"8","WHITE50MM":"2.5","YELLOW50MM":"30","CLASS3":"0","CLASS4":"1","RED20MM":"0","WHITE20MM":"0","RED80MM":"0","WHITE80MM":"0","YELLOW20MM":"0","YELLOW80MM":"0","HOLOGRAM":"0"},"AMW_TANKER":{"RED50MM":"5","WHITE50MM":"6","YELLOW50MM":"21","CLASS3":"0","CLASS4":"1","RED20MM":"0","WHITE20MM":"0","RED80MM":"0","WHITE80MM":"0","YELLOW20MM":"0","YELLOW80MM":"0","HOLOGRAM":"0"},"AMW_TAILER":{"RED50MM":"2.5","WHITE50MM":"2.5","YELLOW50MM":"28","CLASS3":"0","CLASS4":"1","RED20MM":"0","WHITE20MM":"0","RED80MM":"0","WHITE80MM":"0","YELLOW20MM":"0","YELLOW80MM":"0","HOLOGRAM":"0"},"AMW_BULKER":{"RED50MM":"8","WHITE50MM":"7","YELLOW50MM":"28","CLASS3":"0","CLASS4":"1","RED20MM":"0","WHITE20MM":"0","RED80MM":"0","WHITE80MM":"0","YELLOW20MM":"0","YELLOW80MM":"0","HOLOGRAM":"0"},"AMW_2518TRUCK":{"RED50MM":"2","WHITE50MM":"2","YELLOW50MM":"15","CLASS3":"1","CLASS4":"0","RED20MM":"0","WHITE20MM":"0","RED80MM":"0","WHITE80MM":"0","YELLOW20MM":"0","YELLOW80MM":"0","HOLOGRAM":"0"},"ISUZUMOTORS_DMAXFLATDECK":{"RED50MM":"2","WHITE50MM":"2","YELLOW50MM":"0","CLASS3":"0","CLASS4":"0","RED20MM":"0","WHITE20MM":"0","RED80MM":"0","WHITE80MM":"0","YELLOW20MM":"0","YELLOW80MM":"0","HOLOGRAM":"0"},"APE_APEAUTO":{"RED50MM":"0","WHITE50MM":"0","YELLOW50MM":"0","CLASS3":"0","CLASS4":"0","RED20MM":"1.1","WHITE20MM":"1.4","RED80MM":"0","WHITE80MM":"0","YELLOW20MM":"0","YELLOW80MM":"0","HOLOGRAM":"0"},"TVS_AUTO":{"RED50MM":"0","WHITE50MM":"0","YELLOW50MM":"0","CLASS3":"0","CLASS4":"0","RED20MM":"1.1","WHITE20MM":"1.4","RED80MM":"0","WHITE80MM":"0","YELLOW20MM":"0","YELLOW80MM":"0","HOLOGRAM":"0"},"FORD_FIGO":{"RED50MM":"0","WHITE50MM":"0","YELLOW50MM":"0","CLASS3":"0","CLASS4":"0","RED20MM":"1.75","WHITE20MM":"1.75","RED80MM":"0","WHITE80MM":"0","YELLOW20MM":"0","YELLOW80MM":"0","HOLOGRAM":"0"},"DAIMLERINDIACOMERCIALVEHICLE_BHARATBENZ1214R":{"RED50MM":"4","WHITE50MM":"2","YELLOW50MM":"12","CLASS3":"1","CLASS4":"0","RED20MM":"0","WHITE20MM":"0","RED80MM":"0","WHITE80MM":"0","YELLOW20MM":"0","YELLOW80MM":"0","HOLOGRAM":"0"},"DAIMLERINDIACOMERCIALVEHICLE_BHARATBENZ2523C":{"RED50MM":"2","WHITE50MM":"2","YELLOW50MM":"10","CLASS3":"1","CLASS4":"0","RED20MM":"0","WHITE20MM":"0","RED80MM":"0","WHITE80MM":"0","YELLOW20MM":"0","YELLOW80MM":"0","HOLOGRAM":"0"},"DAIMLERINDIACOMERCIALVEHICLE_BHARATBENZ914R":{"RED50MM":"2.15","WHITE50MM":"2.15","YELLOW50MM":"12.3","CLASS3":"1","CLASS4":"0","RED20MM":"0","WHITE20MM":"0","RED80MM":"0","WHITE80MM":"0","YELLOW20MM":"0","YELLOW80MM":"0","HOLOGRAM":"0"},"DAIMLERINDIACOMERCIALVEHICLE_BHARATBENZ1617TANKER":{"RED50MM":"1.8","WHITE50MM":"1.8","YELLOW50MM":"13","CLASS3":"1","CLASS4":"0","RED20MM":"0","WHITE20MM":"0","RED80MM":"0","WHITE80MM":"0","YELLOW20MM":"0","YELLOW80MM":"0","HOLOGRAM":"0"},"DAIMLERINDIACOMERCIALVEHICLE_BHARATBENZ2528":{"RED50MM":"2.5","WHITE50MM":"2","YELLOW50MM":"14","CLASS3":"1","CLASS4":"0","RED20MM":"0","WHITE20MM":"0","RED80MM":"0","WHITE80MM":"0","YELLOW20MM":"0","YELLOW80MM":"0","HOLOGRAM":"0"},"ATUL_ATUL":{"RED50MM":"0","WHITE50MM":"0","YELLOW50MM":"0","CLASS3":"0","CLASS4":"0","RED20MM":"2","WHITE20MM":"2","RED80MM":"0","WHITE80MM":"0","YELLOW20MM":"0","YELLOW80MM":"0","HOLOGRAM":"0"},"BAJAJTEMPO_TEMPOTRAXJUDO/GAMA":{"RED50MM":"1.5","WHITE50MM":"1.5","YELLOW50MM":"6.5","CLASS3":"0","CLASS4":"0","RED20MM":"0","WHITE20MM":"0","RED80MM":"0","WHITE80MM":"0","YELLOW20MM":"0","YELLOW80MM":"0","HOLOGRAM":"0"},"VECOMMERCIAL_EICHERMAXICAB":{"RED50MM":"2.5","WHITE50MM":"1.75","YELLOW50MM":"10.5","CLASS3":"0","CLASS4":"0","RED20MM":"0","WHITE20MM":"0","RED80MM":"0","WHITE80MM":"0","YELLOW20MM":"0","YELLOW80MM":"0","HOLOGRAM":"0"},"VECOMMERCIAL_EICHERPRO5016":{"RED50MM":"2","WHITE50MM":"2","YELLOW50MM":"18","CLASS3":"1","CLASS4":"0","RED20MM":"0","WHITE20MM":"0","RED80MM":"0","WHITE80MM":"0","YELLOW20MM":"0","YELLOW80MM":"0","HOLOGRAM":"0"},"PIAGGO_PORTER600":{"RED50MM":"0","WHITE50MM":"0","YELLOW50MM":"0","CLASS3":"0","CLASS4":"0","RED20MM":"1.3","WHITE20MM":"1.3","RED80MM":"0","WHITE80MM":"0","YELLOW20MM":"0","YELLOW80MM":"0","HOLOGRAM":"0"},"SCHWINGSTETTER(INDIA)PVTLTD_SLM4000":{"RED50MM":"2","WHITE50MM":"2","YELLOW50MM":"16","CLASS3":"1","CLASS4":"0","RED20MM":"0","WHITE20MM":"0","RED80MM":"0","WHITE80MM":"0","YELLOW20MM":"0","YELLOW80MM":"0","HOLOGRAM":"0"},"MAHINDRA&MAHINDRA_BOLERO":{"RED50MM":"0","WHITE50MM":"0","YELLOW50MM":"6","CLASS3":"0","CLASS4":"0","RED20MM":"1.75","WHITE20MM":"1.75","RED80MM":"0","WHITE80MM":"0","YELLOW20MM":"0","YELLOW80MM":"0","HOLOGRAM":"0"},"MAHINDRA&MAHINDRA_TUV300":{"RED50MM":"0","WHITE50MM":"0","YELLOW50MM":"0","CLASS3":"0","CLASS4":"0","RED20MM":"1.75","WHITE20MM":"1.75","RED80MM":"0","WHITE80MM":"0","YELLOW20MM":"0","YELLOW80MM":"0","HOLOGRAM":"0"},"MAHINDRA&MAHINDRA_MARSHAL2000":{"RED50MM":"0","WHITE50MM":"0","YELLOW50MM":"5","CLASS3":"0","CLASS4":"0","RED20MM":"1.75","WHITE20MM":"1.75","RED80MM":"0","WHITE80MM":"0","YELLOW20MM":"0","YELLOW80MM":"0","HOLOGRAM":"0"},"MAHINDRA&MAHINDRA_BOLEROPICKUP":{"RED50MM":"0","WHITE50MM":"0","YELLOW50MM":"6","CLASS3":"0","CLASS4":"0","RED20MM":"1.75","WHITE20MM":"1.75","RED80MM":"0","WHITE80MM":"0","YELLOW20MM":"0","YELLOW80MM":"0","HOLOGRAM":"0"},"MAHINDRA&MAHINDRA_MAXXMAXITRUCK":{"RED50MM":"0","WHITE50MM":"0","YELLOW50MM":"6","CLASS3":"0","CLASS4":"0","RED20MM":"1.75","WHITE20MM":"1.75","RED80MM":"0","WHITE80MM":"0","YELLOW20MM":"0","YELLOW80MM":"0","HOLOGRAM":"0"},"MAHINDRA&MAHINDRA_LOADKING":{"RED50MM":"1.5","WHITE50MM":"1.5","YELLOW50MM":"7","CLASS3":"0","CLASS4":"0","RED20MM":"0","WHITE20MM":"0","RED80MM":"0","WHITE80MM":"0","YELLOW20MM":"0","YELLOW80MM":"0","HOLOGRAM":"0"},"MAHINDRA&MAHINDRA_TOURISTER":{"RED50MM":"1.75","WHITE50MM":"1.75","YELLOW50MM":"10","CLASS3":"0","CLASS4":"0","RED20MM":"0","WHITE20MM":"0","RED80MM":"0","WHITE80MM":"0","YELLOW20MM":"0","YELLOW80MM":"0","HOLOGRAM":"0"},"MAHINDRA&MAHINDRA_DI3200":{"RED50MM":"2","WHITE50MM":"2","YELLOW50MM":"8","CLASS3":"0","CLASS4":"0","RED20MM":"0","WHITE20MM":"0","RED80MM":"0","WHITE80MM":"0","YELLOW20MM":"0","YELLOW80MM":"0","HOLOGRAM":"0"},"MAHINDRA&MAHINDRA_JEETO":{"RED50MM":"0","WHITE50MM":"0","YELLOW50MM":"0","CLASS3":"0","CLASS4":"0","RED20MM":"1.75","WHITE20MM":"1.75","RED80MM":"0","WHITE80MM":"0","YELLOW20MM":"0","YELLOW80MM":"0","HOLOGRAM":"0"},"MAHINDRA&MAHINDRA_LOGAN":{"RED50MM":"0","WHITE50MM":"0","YELLOW50MM":"0","CLASS3":"0","CLASS4":"0","RED20MM":"1.75","WHITE20MM":"1.75","RED80MM":"0","WHITE80MM":"0","YELLOW20MM":"0","YELLOW80MM":"0","HOLOGRAM":"0"},"MAHINDRA&MAHINDRA_KUV100":{"RED50MM":"0","WHITE50MM":"0","YELLOW50MM":"0","CLASS3":"0","CLASS4":"0","RED20MM":"1.75","WHITE20MM":"1.75","RED80MM":"0","WHITE80MM":"0","YELLOW20MM":"0","YELLOW80MM":"0","HOLOGRAM":"0"},"MAHINDRA&MAHINDRA_MAXXIMO":{"RED50MM":"0","WHITE50MM":"0","YELLOW50MM":"6","CLASS3":"0","CLASS4":"0","RED20MM":"1.75","WHITE20MM":"1.75","RED80MM":"0","WHITE80MM":"0","YELLOW20MM":"0","YELLOW80MM":"0","HOLOGRAM":"0"},"MAHINDRA&MAHINDRA_MAXICAB":{"RED50MM":"1.75","WHITE50MM":"1.75","YELLOW50MM":"9","CLASS3":"0","CLASS4":"0","RED20MM":"0","WHITE20MM":"0","RED80MM":"0","WHITE80MM":"0","YELLOW20MM":"0","YELLOW80MM":"0","HOLOGRAM":"0"},"MAHINDRA&MAHINDRA_NAVISTER":{"RED50MM":"2.5","WHITE50MM":"2.5","YELLOW50MM":"16","CLASS3":"1","CLASS4":"0","RED20MM":"0","WHITE20MM":"0","RED80MM":"0","WHITE80MM":"0","YELLOW20MM":"0","YELLOW80MM":"0","HOLOGRAM":"0"},"MAHINDRA&MAHINDRA_SCORPIO":{"RED50MM":"0","WHITE50MM":"0","YELLOW50MM":"0","CLASS3":"0","CLASS4":"0","RED20MM":"1.75","WHITE20MM":"1.75","RED80MM":"0","WHITE80MM":"0","YELLOW20MM":"0","YELLOW80MM":"0","HOLOGRAM":"0"},"MAHINDRA&MAHINDRA_SUPROMINIVAN":{"RED50MM":"1.5","WHITE50MM":"1.5","YELLOW50MM":"7","CLASS3":"1","CLASS4":"0","RED20MM":"0","WHITE20MM":"0","RED80MM":"0","WHITE80MM":"0","YELLOW20MM":"0","YELLOW80MM":"0","HOLOGRAM":"0"},"MAHINDRA&MAHINDRA_XYLO":{"RED50MM":"0","WHITE50MM":"0","YELLOW50MM":"0","CLASS3":"0","CLASS4":"0","RED20MM":"1.75","WHITE20MM":"1.75","RED80MM":"0","WHITE80MM":"0","YELLOW20MM":"0","YELLOW80MM":"0","HOLOGRAM":"0"},"MAHINDRA&MAHINDRA_VERITO":{"RED50MM":"0","WHITE50MM":"0","YELLOW50MM":"0","CLASS3":"0","CLASS4":"0","RED20MM":"1.75","WHITE20MM":"1.75","RED80MM":"0","WHITE80MM":"0","YELLOW20MM":"0","YELLOW80MM":"0","HOLOGRAM":"0"},"MAHINDRA&MAHINDRA_XUV500":{"RED50MM":"0","WHITE50MM":"0","YELLOW50MM":"0","CLASS3":"0","CLASS4":"0","RED20MM":"1.75","WHITE20MM":"1.75","RED80MM":"0","WHITE80MM":"0","YELLOW20MM":"0","YELLOW80MM":"0","HOLOGRAM":"0"},"MAHINDRA&MAHINDRA_GENIO":{"RED50MM":"0","WHITE50MM":"0","YELLOW50MM":"6","CLASS3":"0","CLASS4":"0","RED20MM":"1.75","WHITE20MM":"1.75","RED80MM":"0","WHITE80MM":"0","YELLOW20MM":"0","YELLOW80MM":"0","HOLOGRAM":"0"},"MAHINDRA&MAHINDRA_TRACTOR":{"RED50MM":"1.5","WHITE50MM":"1.5","YELLOW50MM":"3","CLASS3":"0","CLASS4":"0","RED20MM":"0","WHITE20MM":"0","RED80MM":"0","WHITE80MM":"0","YELLOW20MM":"0","YELLOW80MM":"0","HOLOGRAM":"0"},"MAHINDRA&MAHINDRA_TRACTORwithTRAILER":{"RED50MM":"2.5","WHITE50MM":"1.5","YELLOW50MM":"16","CLASS3":"0","CLASS4":"0","RED20MM":"0","WHITE20MM":"0","RED80MM":"0","WHITE80MM":"0","YELLOW20MM":"0","YELLOW80MM":"0","HOLOGRAM":"0"},"MAHINDRA&MAHINDRA_TRACTORwithSHORTTRAILER":{"RED50MM":"1.8","WHITE50MM":"1","YELLOW50MM":"6","CLASS3":"0","CLASS4":"0","RED20MM":"0","WHITE20MM":"0","RED80MM":"0","WHITE80MM":"0","YELLOW20MM":"0","YELLOW80MM":"0","HOLOGRAM":"0"},"MAHINDRA&MAHINDRA_BLAZO":{"RED50MM":"2","WHITE50MM":"2","YELLOW50MM":"16","CLASS3":"1","CLASS4":"0","RED20MM":"0","WHITE20MM":"0","RED80MM":"0","WHITE80MM":"0","YELLOW20MM":"0","YELLOW80MM":"0","HOLOGRAM":"0"}}